mAP50,mAP50-95,precision,recall
0.5818417742023224,0.2774242967362811,[    0.64137],[    0.52689]
