mAP50,mAP50-95,precision,recall
0.5795417972755479,0.2662056506240381,[    0.64298],[    0.55242]
