mAP50,mAP50-95,precision,recall
0.5842106115436198,0.2803630225856567,[    0.60133],[    0.54512]
