mAP50,mAP50-95,precision,recall
0.5792975216491272,0.26246563827330044,[    0.61469],[     0.5196]
