mAP50,mAP50-95,precision,recall
0.5619633546672307,0.2590625718016207,[    0.56545],[    0.54052]
