mAP50,mAP50-95,precision,recall
0.5790624082357954,0.2680750046233113,[    0.58034],[    0.56154]
