mAP50,mAP50-95,precision,recall
0.5630225338384243,0.2548992867705838,[    0.59966],[    0.53236]
