mAP50,mAP50-95,precision,recall
0.5745871434110599,0.2654942215874362,[    0.57361],[    0.54743]
