mAP50,mAP50-95,precision,recall
0.5475535598053809,0.24558444119402872,[    0.56687],[    0.53769]
