mAP50,mAP50-95,precision,recall
0.5977795378850359,0.278414040908828,[    0.60309],[    0.57065]
