mAP50,mAP50-95,precision,recall
0.5635982482052533,0.2512664905593986,[    0.58858],[     0.5515]
