mAP50,mAP50-95,precision,recall
0.5353291835349412,0.2552551822739214,[    0.58016],[    0.49427]
