mAP50,mAP50-95,precision,recall
0.5545214030985085,0.26272761831504077,[    0.55396],[    0.55792]
