mAP50,mAP50-95,precision,recall
0.5936871221544758,0.28482188208092196,[    0.56696],[    0.55895]
