mAP50,mAP50-95,precision,recall
0.6212089124124209,0.29101793797576536,[     0.6215],[    0.59617]
