mAP50,mAP50-95,precision,recall
0.5351165609329152,0.23709519999760192,[    0.52554],[    0.51923]
