mAP50,mAP50-95,precision,recall
0.5495903574943815,0.25917411349248426,[    0.55125],[    0.52615]
