mAP50,mAP50-95,precision,recall
0.5944178662544507,0.2843441593257107,[    0.57497],[    0.58308]
