mAP50,mAP50-95,precision,recall
0.5898422247219233,0.27251733132573663,[    0.60397],[    0.57338]
