mAP50,mAP50-95,precision,recall
0.5902346620450093,0.27817180819533005,[    0.59545],[    0.55592]
