mAP50,mAP50-95,precision,recall
0.569674945970395,0.26082690389451857,[    0.60268],[    0.52692]
