mAP50,mAP50-95,precision,recall
0.6158421502533009,0.29218025121210023,[    0.57772],[    0.60073]
