mAP50,mAP50-95,precision,recall
0.5391052500838135,0.25271228529699796,[    0.56507],[    0.52168]
