mAP50,mAP50-95,precision,recall
0.5333026513879492,0.24665487067491948,[    0.55424],[    0.51308]
