mAP50,mAP50-95,precision,recall
0.5644300120627042,0.27608199821922813,[    0.56998],[    0.53846]
