mAP50,mAP50-95,precision,recall
0.5815462968741336,0.2685821251605776,[    0.59904],[    0.57247]
