mAP50,mAP50-95,precision,recall
0.5683994933674373,0.257043487198045,[    0.60037],[    0.52588]
