mAP50,mAP50-95,precision,recall
0.529926562849531,0.2408629628930135,[    0.52504],[    0.53692]
