mAP50,mAP50-95,precision,recall
0.5431379615268965,0.2548090989326023,[    0.55908],[    0.52538]
