mAP50,mAP50-95,precision,recall
0.606771938210907,0.2840303493339323,[    0.63287],[    0.53965]
