mAP50,mAP50-95,precision,recall
0.5540533505853459,0.25593984096218597,[    0.54749],[    0.53615]
