mAP50,mAP50-95,precision,recall
0.5902439913659534,0.2794241578992856,[    0.62591],[    0.55333]
