mAP50,mAP50-95,precision,recall
0.6064316991048232,0.28570244341037654,[    0.61363],[    0.57885]
