mAP50,mAP50-95,precision,recall
0.5859228851537969,0.2752554742260955,[    0.58707],[    0.54692]
