mAP50,mAP50-95,precision,recall
0.5904386248269888,0.2814666737518677,[    0.60611],[    0.55515]
