mAP50,mAP50-95,precision,recall
0.5950439697556855,0.28272077214134045,[    0.58069],[     0.5907]
