mAP50,mAP50-95,precision,recall
0.5736243678371159,0.275365184512895,[    0.59656],[    0.54484]
