mAP50,mAP50-95,precision,recall
0.5713329526657636,0.26311390086781594,[    0.60593],[    0.53402]
