mAP50,mAP50-95,precision,recall
0.5512712536563095,0.2559923759734224,[    0.56729],[    0.54769]
