mAP50,mAP50-95,precision,recall
0.5933308930878194,0.2793109612955276,[    0.60647],[    0.54968]
