mAP50,mAP50-95,precision,recall
0.5857743531605651,0.26869144509074083,[    0.60869],[    0.54421]
