mAP50,mAP50-95,precision,recall
0.5956452158006633,0.28422986178080245,[    0.61346],[    0.55988]
