mAP50,mAP50-95,precision,recall
0.54993354067971,0.26022913418682925,[    0.59153],[    0.49794]
