mAP50,mAP50-95,precision,recall
0.5909506709699707,0.2804678747179642,[    0.60961],[    0.57885]
