mAP50,mAP50-95,precision,recall
0.5880455701878626,0.28576328400817413,[    0.60538],[    0.52385]
