mAP50,mAP50-95,precision,recall
0.5915949970010212,0.28841455214266026,[     0.5782],[    0.58205]
