mAP50,mAP50-95,precision,recall
0.6143467533385571,0.29269757240105293,[    0.63411],[    0.56609]
